{
  "0.001_0.001": {
    "p": 0.001,
    "q": 0.001,
    "counts": {
      "p": 1236,
      "m": 0,
      "o": 607,
      "F": 0,
      "D": 610,
      "s": 1,
      "e": 0,
      "S": 0,
      "d": 643,
      "f": 2,
      "O": 632,
      "M": 1,
      "P": 1268
    },
    "stats": {
      "entropy": 2.5071111774858044,
      "chi_square_p_value": 0.0,
      "pms_od_ratio": 0.9896,
      "total_count": 5000
    }
  },
  "0.001_0.01": {
    "p": 0.001,
    "q": 0.01,
    "counts": {
      "p": 2271,
      "m": 2,
      "o": 112,
      "F": 4,
      "D": 120,
      "s": 1,
      "e": 0,
      "S": 0,
      "d": 97,
      "f": 1,
      "O": 111,
      "M": 2,
      "P": 2279
    },
    "stats": {
      "entropy": 1.5401836290671613,
      "chi_square_p_value": 0.0,
      "pms_od_ratio": 10.880382775119617,
      "total_count": 5000
    }
  },
  "0.001_0.05": {
    "p": 0.001,
    "q": 0.05,
    "counts": {
      "p": 2427,
      "m": 4,
      "o": 19,
      "F": 2,
      "D": 23,
      "s": 0,
      "e": 0,
      "S": 1,
      "d": 27,
      "f": 2,
      "O": 28,
      "M": 3,
      "P": 2464
    },
    "stats": {
      "entropy": 1.1842381011348557,
      "chi_square_p_value": 0.0,
      "pms_od_ratio": 52.84782608695652,
      "total_count": 5000
    }
  },
  "0.001_0.1": {
    "p": 0.001,
    "q": 0.1,
    "counts": {
      "p": 2402,
      "m": 2,
      "o": 11,
      "F": 2,
      "D": 8,
      "s": 0,
      "e": 0,
      "S": 1,
      "d": 7,
      "f": 0,
      "O": 11,
      "M": 2,
      "P": 2554
    },
    "stats": {
      "entropy": 1.0861470990274267,
      "chi_square_p_value": 0.0,
      "pms_od_ratio": 133.55555555555554,
      "total_count": 5000
    }
  },
  "0.001_0.2": {
    "p": 0.001,
    "q": 0.2,
    "counts": {
      "p": 2465,
      "m": 3,
      "o": 6,
      "F": 2,
      "D": 2,
      "s": 2,
      "e": 0,
      "S": 0,
      "d": 5,
      "f": 0,
      "O": 3,
      "M": 2,
      "P": 2510
    },
    "stats": {
      "entropy": 1.0546494116223077,
      "chi_square_p_value": 0.0,
      "pms_od_ratio": 224.54545454545453,
      "total_count": 5000
    }
  },
  "0.001_0.5": {
    "p": 0.001,
    "q": 0.5,
    "counts": {
      "p": 2490,
      "m": 2,
      "o": 0,
      "F": 0,
      "D": 2,
      "s": 0,
      "e": 1,
      "S": 2,
      "d": 1,
      "f": 1,
      "O": 2,
      "M": 4,
      "P": 2495
    },
    "stats": {
      "entropy": 1.0349840001135517,
      "chi_square_p_value": 0.0,
      "pms_od_ratio": 2492.0,
      "total_count": 5000
    }
  },
  "0.01_0.001": {
    "p": 0.01,
    "q": 0.001,
    "counts": {
      "p": 219,
      "m": 2,
      "o": 1117,
      "F": 0,
      "D": 1186,
      "s": 10,
      "e": 0,
      "S": 12,
      "d": 1105,
      "f": 1,
      "O": 1131,
      "M": 3,
      "P": 214
    },
    "stats": {
      "entropy": 2.3862600452566154,
      "chi_square_p_value": 0.0,
      "pms_od_ratio": 0.10396039603960396,
      "total_count": 5000
    }
  },
  "0.01_0.01": {
    "p": 0.01,
    "q": 0.01,
    "counts": {
      "p": 1311,
      "m": 12,
      "o": 604,
      "F": 1,
      "D": 578,
      "s": 8,
      "e": 0,
      "S": 15,
      "d": 622,
      "f": 7,
      "O": 606,
      "M": 10,
      "P": 1226
    },
    "stats": {
      "entropy": 2.569441617822397,
      "chi_square_p_value": 0.0,
      "pms_od_ratio": 1.0856443719412725,
      "total_count": 5000
    }
  },
  "0.01_0.05": {
    "p": 0.01,
    "q": 0.05,
    "counts": {
      "p": 2047,
      "m": 26,
      "o": 196,
      "F": 11,
      "D": 190,
      "s": 14,
      "e": 2,
      "S": 6,
      "d": 198,
      "f": 10,
      "O": 190,
      "M": 20,
      "P": 2090
    },
    "stats": {
      "entropy": 1.9282834595044316,
      "chi_square_p_value": 0.0,
      "pms_od_ratio": 5.2969543147208125,
      "total_count": 5000
    }
  },
  "0.01_0.1": {
    "p": 0.01,
    "q": 0.1,
    "counts": {
      "p": 2253,
      "m": 24,
      "o": 91,
      "F": 14,
      "D": 93,
      "s": 14,
      "e": 1,
      "S": 12,
      "d": 114,
      "f": 14,
      "O": 85,
      "M": 23,
      "P": 2262
    },
    "stats": {
      "entropy": 1.6396073644517095,
      "chi_square_p_value": 0.0,
      "pms_od_ratio": 11.175609756097561,
      "total_count": 5000
    }
  },
  "0.01_0.2": {
    "p": 0.01,
    "q": 0.2,
    "counts": {
      "p": 2335,
      "m": 40,
      "o": 41,
      "F": 3,
      "D": 46,
      "s": 12,
      "e": 1,
      "S": 10,
      "d": 44,
      "f": 5,
      "O": 46,
      "M": 21,
      "P": 2396
    },
    "stats": {
      "entropy": 1.4095037706133322,
      "chi_square_p_value": 0.0,
      "pms_od_ratio": 28.08235294117647,
      "total_count": 5000
    }
  },
  "0.01_0.5": {
    "p": 0.01,
    "q": 0.5,
    "counts": {
      "p": 2418,
      "m": 22,
      "o": 3,
      "F": 6,
      "D": 9,
      "s": 5,
      "e": 8,
      "S": 8,
      "d": 10,
      "f": 3,
      "O": 11,
      "M": 34,
      "P": 2463
    },
    "stats": {
      "entropy": 1.2114094060150875,
      "chi_square_p_value": 0.0,
      "pms_od_ratio": 188.07692307692307,
      "total_count": 5000
    }
  },
  "0.05_0.001": {
    "p": 0.05,
    "q": 0.001,
    "counts": {
      "p": 48,
      "m": 0,
      "o": 1140,
      "F": 0,
      "D": 1210,
      "s": 66,
      "e": 1,
      "S": 63,
      "d": 1229,
      "f": 1,
      "O": 1193,
      "M": 1,
      "P": 48
    },
    "stats": {
      "entropy": 2.2705175004372173,
      "chi_square_p_value": 0.0,
      "pms_od_ratio": 0.048121570282819756,
      "total_count": 5000
    }
  },
  "0.05_0.01": {
    "p": 0.05,
    "q": 0.01,
    "counts": {
      "p": 404,
      "m": 18,
      "o": 968,
      "F": 6,
      "D": 1054,
      "s": 73,
      "e": 0,
      "S": 66,
      "d": 982,
      "f": 7,
      "O": 992,
      "M": 23,
      "P": 407
    },
    "stats": {
      "entropy": 2.7053522686202034,
      "chi_square_p_value": 0.0,
      "pms_od_ratio": 0.25384615384615383,
      "total_count": 5000
    }
  },
  "0.05_0.05": {
    "p": 0.05,
    "q": 0.05,
    "counts": {
      "p": 1209,
      "m": 56,
      "o": 597,
      "F": 33,
      "D": 583,
      "s": 58,
      "e": 2,
      "S": 51,
      "d": 575,
      "f": 30,
      "O": 576,
      "M": 66,
      "P": 1164
    },
    "stats": {
      "entropy": 2.82403323410138,
      "chi_square_p_value": 0.0,
      "pms_od_ratio": 1.128839590443686,
      "total_count": 5000
    }
  },
  "0.05_0.1": {
    "p": 0.05,
    "q": 0.1,
    "counts": {
      "p": 1551,
      "m": 101,
      "o": 368,
      "F": 39,
      "D": 375,
      "s": 60,
      "e": 4,
      "S": 51,
      "d": 351,
      "f": 40,
      "O": 354,
      "M": 84,
      "P": 1622
    },
    "stats": {
      "entropy": 2.6229092078892693,
      "chi_square_p_value": 0.0,
      "pms_od_ratio": 2.381084840055633,
      "total_count": 5000
    }
  },
  "0.05_0.2": {
    "p": 0.05,
    "q": 0.2,
    "counts": {
      "p": 1906,
      "m": 91,
      "o": 200,
      "F": 38,
      "D": 185,
      "s": 62,
      "e": 14,
      "S": 74,
      "d": 184,
      "f": 44,
      "O": 178,
      "M": 106,
      "P": 1918
    },
    "stats": {
      "entropy": 2.297911899022228,
      "chi_square_p_value": 0.0,
      "pms_od_ratio": 5.361979166666667,
      "total_count": 5000
    }
  },
  "0.05_0.5": {
    "p": 0.05,
    "q": 0.5,
    "counts": {
      "p": 2182,
      "m": 127,
      "o": 37,
      "F": 28,
      "D": 51,
      "s": 48,
      "e": 34,
      "S": 46,
      "d": 44,
      "f": 36,
      "O": 34,
      "M": 127,
      "P": 2206
    },
    "stats": {
      "entropy": 1.8096623772635518,
      "chi_square_p_value": 0.0,
      "pms_od_ratio": 29.098765432098766,
      "total_count": 5000
    }
  },
  "0.1_0.001": {
    "p": 0.1,
    "q": 0.001,
    "counts": {
      "p": 27,
      "m": 5,
      "o": 1222,
      "F": 0,
      "D": 1171,
      "s": 131,
      "e": 0,
      "S": 121,
      "d": 1103,
      "f": 1,
      "O": 1189,
      "M": 2,
      "P": 28
    },